Date,Shift,Panel Serial No.,Panel Type,Assembly Line,Cycle Time (s),Number of Cells,Cell Alignment Deviation (mm),Glass Thickness (mm),Junction Box Attached,Power Output (W),Efficiency (%),Insulation Resistance (MÎ©),Flash Test Result,Visual Inspection,Operator ID,Final Inspection
2025-04-21,Shift 1,SP819428,Polycrystalline,Line 1,1005.9,72,0.17,3.9,No,358.3,18.03,604.6,Fail,Crack,EMP193,Pass
2025-04-08,Shift 1,SP736702,Thin-Film,Line 3,980.8,60,0.24,3.1,No,312.5,19.62,990.1,Pass,Scratch,EMP193,Pass
2025-04-04,Shift 1,SP352954,Polycrystalline,Line 3,887.4,60,0.37,3.3,No,383.7,17.21,227.8,Pass,Crack,EMP193,Pass
2025-04-17,Shift 2,SP725540,Polycrystalline,Line 1,760.8,72,0.14,3.3,Yes,350.4,20.3,619.7,Pass,Scratch,EMP193,Pass
2025-04-07,Shift 1,SP189001,Monocrystalline,Line 3,1098.1,72,0.27,3.7,Yes,283.9,21.3,707.5,Fail,Pass,EMP193,Pass
2025-04-24,Shift 1,SP276624,Monocrystalline,Line 3,786.0,72,0.43,3.5,Yes,319.4,15.77,522.1,Pass,Pass,EMP193,Fail
2025-04-08,Shift 1,SP752763,Monocrystalline,Line 2,751.3,60,0.45,3.6,Yes,286.6,16.8,851.2,Pass,Pass,EMP193,Pass
2025-04-26,Shift 2,SP507670,Monocrystalline,Line 3,620.8,60,0.29,3.7,No,376.2,19.43,406.4,Fail,Scratch,EMP193,Pass
2025-04-16,Shift 2,SP165730,Thin-Film,Line 1,897.0,72,0.29,4.0,No,354.9,20.27,128.0,Pass,Misalignment,EMP193,Fail
2025-04-20,Shift 2,SP931664,Monocrystalline,Line 1,1044.9,72,0.27,3.5,Yes,333.3,15.51,423.7,Fail,Pass,EMP193,Fail
2025-04-23,Shift 1,SP644756,Polycrystalline,Line 3,850.6,72,0.25,3.6,No,353.8,21.43,636.7,Pass,Scratch,EMP193,Pass
2025-04-26,Shift 2,SP507670,Monocrystalline,Line 3,620.8,60,0.29,3.7,No,376.2,19.43,406.4,Fail,Scratch,EMP193,Pass
2025-04-28,Shift 2,SP910834,Monocrystalline,Line 3,1181.5,60,0.4,4.0,Yes,328.5,19.37,912.3,Pass,Misalignment,EMP193,Pass
2025-04-21,Shift 2,SP159583,Polycrystalline,Line 2,971.3,60,0.34,3.9,Yes,362.8,21.14,248.5,Pass,Scratch,EMP193,Pass
2025-04-22,Shift 2,SP987597,Monocrystalline,Line 2,1069.1,72,0.29,3.7,Yes,295.8,17.78,540.8,Fail,Crack,EMP193,Pass
2025-04-28,Shift 2,SP368199,Monocrystalline,Line 3,810.7,60,0.23,4.0,Yes,275.3,21.3,882.5,Fail,Crack,EMP193,Pass
2025-04-04,Shift 2,SP202036,Thin-Film,Line 2,767.4,60,0.37,3.6,No,352.9,15.36,252.0,Fail,Pass,EMP193,Fail
2025-04-14,Shift 1,SP738698,Monocrystalline,Line 1,1000.9,72,0.36,3.3,Yes,382.1,20.55,826.8,Pass,Crack,EMP193,Pass
2025-04-21,Shift 2,SP439675,Monocrystalline,Line 2,970.8,60,0.28,3.4,Yes,312.4,17.84,370.6,Pass,Crack,EMP193,Pass
2025-04-04,Shift 1,SP768762,Thin-Film,Line 1,1076.8,60,0.08,3.4,No,360.7,19.24,174.0,Fail,Scratch,EMP885,Fail
2025-04-04,Shift 2,SP202036,Thin-Film,Line 2,767.4,60,0.37,3.6,No,352.9,15.36,252.0,Fail,Pass,EMP885,Fail
2025-04-11,Shift 2,SP825349,Monocrystalline,Line 2,640.7,60,0.08,3.2,Yes,312.0,15.36,745.4,Fail,Scratch,EMP885,Fail
2025-04-25,Shift 2,SP920961,Thin-Film,Line 3,892.7,72,0.13,4.0,No,333.0,21.28,963.5,Fail,Crack,EMP885,Pass
2025-04-13,Shift 2,SP632184,Thin-Film,Line 1,702.5,72,0.01,3.3,Yes,373.1,17.71,819.1,Pass,Misalignment,EMP885,Pass
2025-04-21,Shift 1,SP819428,Polycrystalline,Line 1,1005.9,72,0.17,3.9,No,358.3,18.03,604.6,Fail,Crack,EMP885,Pass
2025-04-24,Shift 1,SP276624,Monocrystalline,Line 3,786.0,72,0.43,3.5,Yes,319.4,15.77,522.1,Pass,Pass,EMP885,Fail
2025-04-22,Shift 1,SP461787,Polycrystalline,Line 3,942.2,60,0.02,3.8,Yes,360.5,15.89,223.1,Pass,Misalignment,EMP885,Fail
2025-04-17,Shift 1,SP890542,Thin-Film,Line 3,757.3,60,0.31,3.5,No,254.2,20.18,627.2,Pass,Scratch,EMP885,Pass
2025-04-21,Shift 2,SP159583,Polycrystalline,Line 2,971.3,60,0.34,3.9,Yes,362.8,21.14,248.5,Pass,Scratch,EMP885,Pass
2025-04-28,Shift 1,SP847417,Thin-Film,Line 2,949.1,72,0.3,3.3,Yes,331.7,20.88,203.9,Fail,Pass,EMP913,Pass
2025-04-02,Shift 1,SP310509,Thin-Film,Line 3,1143.2,60,0.11,3.5,No,337.5,19.92,739.5,Pass,Crack,EMP913,Pass
2025-04-19,Shift 1,SP755983,Monocrystalline,Line 3,815.5,72,0.35,3.0,No,263.3,19.56,239.1,Fail,Scratch,EMP913,Pass
2025-04-22,Shift 1,SP790431,Thin-Film,Line 1,699.9,72,0.42,3.9,No,376.9,21.54,151.1,Fail,Pass,EMP913,Fail
2025-04-29,Shift 2,SP728040,Polycrystalline,Line 2,660.2,72,0.04,3.1,Yes,336.3,15.43,410.5,Pass,Misalignment,EMP913,Fail
2025-04-08,Shift 2,SP733356,Thin-Film,Line 2,1097.3,60,0.15,3.2,Yes,383.4,16.46,988.6,Pass,Crack,EMP913,Pass
2025-04-30,Shift 2,SP301083,Polycrystalline,Line 3,1188.5,60,0.1,3.3,No,317.5,18.6,789.1,Pass,Scratch,EMP913,Pass
2025-04-05,Shift 1,SP212576,Polycrystalline,Line 1,656.4,72,0.09,4.0,Yes,261.9,20.66,720.8,Pass,Scratch,EMP913,Pass
2025-04-15,Shift 1,SP265587,Monocrystalline,Line 1,731.7,72,0.21,3.3,Yes,260.7,16.09,864.3,Pass,Pass,EMP913,Pass
2025-04-25,Shift 1,SP438439,Thin-Film,Line 1,600.7,60,0.18,3.3,Yes,284.9,21.84,429.1,Fail,Misalignment,EMP913,Pass
2025-04-12,Shift 1,SP813171,Thin-Film,Line 3,1064.7,60,0.26,3.1,Yes,371.1,17.38,730.9,Fail,Crack,EMP891,Pass
2025-04-10,Shift 2,SP800439,Thin-Film,Line 1,1036.8,60,0.26,3.5,Yes,354.4,16.45,911.1,Fail,Pass,EMP891,Pass
2025-04-24,Shift 1,SP276624,Monocrystalline,Line 3,786.0,72,0.43,3.5,Yes,319.4,15.77,522.1,Pass,Pass,EMP891,Fail
2025-04-30,Shift 1,SP654377,Thin-Film,Line 1,1041.0,60,0.24,3.7,Yes,397.4,16.76,153.7,Pass,Crack,EMP891,Fail
2025-04-10,Shift 2,SP608020,Monocrystalline,Line 2,922.6,60,0.08,3.1,Yes,268.9,21.76,836.6,Pass,Scratch,EMP891,Pass
2025-04-15,Shift 1,SP265587,Monocrystalline,Line 1,731.7,72,0.21,3.3,Yes,260.7,16.09,864.3,Pass,Pass,EMP891,Pass
2025-04-26,Shift 1,SP385930,Thin-Film,Line 1,799.5,72,0.35,3.9,No,278.4,16.5,586.0,Pass,Pass,EMP891,Pass
2025-04-08,Shift 1,SP736702,Thin-Film,Line 3,980.8,60,0.24,3.1,No,312.5,19.62,990.1,Pass,Scratch,EMP891,Pass
2025-04-28,Shift 1,SP170397,Polycrystalline,Line 3,1035.7,72,0.26,3.1,Yes,347.3,20.96,975.3,Fail,Misalignment,EMP891,Pass
2025-04-29,Shift 2,SP895021,Polycrystalline,Line 3,1176.6,72,0.4,3.8,Yes,394.9,19.75,946.6,Fail,Pass,EMP891,Pass
2025-04-05,Shift 2,SP755634,Thin-Film,Line 2,909.3,72,0.13,3.8,No,272.5,17.86,212.2,Fail,Misalignment,EMP891,Pass
2025-04-03,Shift 2,SP955179,Thin-Film,Line 2,1006.2,72,0.31,3.5,Yes,372.5,16.14,557.4,Fail,Crack,EMP891,Pass
2025-04-25,Shift 2,SP878044,Thin-Film,Line 1,729.9,60,0.08,3.6,No,367.6,18.59,732.7,Fail,Misalignment,EMP891,Pass
2025-04-11,Shift 1,SP919930,Thin-Film,Line 1,704.6,60,0.18,3.1,No,379.9,17.74,811.5,Fail,Pass,EMP891,Pass
2025-04-27,Shift 1,SP771516,Polycrystalline,Line 3,995.1,60,0.37,4.0,No,304.0,15.03,717.1,Pass,Scratch,EMP358,Fail
2025-04-15,Shift 2,SP331047,Polycrystalline,Line 3,1128.2,72,0.13,3.4,No,388.2,18.68,792.7,Pass,Crack,EMP358,Pass
2025-04-28,Shift 1,SP847417,Thin-Film,Line 2,949.1,72,0.3,3.3,Yes,331.7,20.88,203.9,Fail,Pass,EMP358,Pass
2025-04-23,Shift 1,SP734046,Thin-Film,Line 1,852.7,60,0.21,3.1,Yes,260.8,18.89,661.0,Pass,Misalignment,EMP358,Pass
2025-04-10,Shift 2,SP608020,Monocrystalline,Line 2,922.6,60,0.08,3.1,Yes,268.9,21.76,836.6,Pass,Scratch,EMP358,Pass
2025-04-20,Shift 1,SP382441,Thin-Film,Line 2,728.3,72,0.49,3.2,No,259.5,17.93,577.4,Pass,Pass,EMP358,Pass
2025-04-09,Shift 2,SP316160,Monocrystalline,Line 1,1028.9,72,0.11,4.0,No,271.3,21.32,313.0,Pass,Crack,EMP358,Pass
2025-04-30,Shift 2,SP624629,Polycrystalline,Line 3,1060.1,60,0.02,3.2,No,263.3,17.92,308.8,Pass,Pass,EMP358,Pass
2025-04-29,Shift 2,SP728040,Polycrystalline,Line 2,660.2,72,0.04,3.1,Yes,336.3,15.43,410.5,Pass,Misalignment,EMP358,Fail
2025-04-18,Shift 1,SP479302,Monocrystalline,Line 1,1056.9,60,0.41,3.9,No,256.1,15.78,583.4,Fail,Pass,EMP358,Fail
2025-04-22,Shift 2,SP817934,Polycrystalline,Line 1,737.2,60,0.41,3.3,No,350.6,20.07,443.7,Fail,Scratch,EMP745,Pass
2025-04-29,Shift 2,SP728040,Polycrystalline,Line 2,660.2,72,0.04,3.1,Yes,336.3,15.43,410.5,Pass,Misalignment,EMP745,Fail
2025-04-26,Shift 1,SP253968,Monocrystalline,Line 2,887.4,60,0.23,3.3,No,347.9,17.04,536.6,Fail,Pass,EMP745,Pass
2025-04-06,Shift 2,SP827906,Polycrystalline,Line 3,715.8,60,0.43,3.8,No,363.3,19.22,981.1,Fail,Misalignment,EMP745,Pass
2025-04-03,Shift 2,SP900320,Polycrystalline,Line 1,931.9,72,0.48,3.0,Yes,280.3,19.54,196.4,Pass,Scratch,EMP745,Fail
2025-04-29,Shift 1,SP187040,Thin-Film,Line 3,735.7,60,0.36,4.0,Yes,359.8,17.23,517.6,Pass,Pass,EMP745,Pass
2025-04-10,Shift 2,SP608020,Monocrystalline,Line 2,922.6,60,0.08,3.1,Yes,268.9,21.76,836.6,Pass,Scratch,EMP745,Pass
2025-04-25,Shift 1,SP578340,Monocrystalline,Line 2,640.7,72,0.16,3.6,No,280.0,19.51,756.0,Pass,Misalignment,EMP745,Pass
2025-04-01,Shift 1,SP512458,Thin-Film,Line 3,965.9,60,0.2,3.2,Yes,380.2,17.69,663.8,Fail,Pass,EMP745,Pass
2025-04-24,Shift 1,SP136085,Thin-Film,Line 2,1045.6,72,0.06,3.0,Yes,308.8,17.02,632.9,Pass,Misalignment,EMP745,Pass
2025-04-09,Shift 1,SP673198,Monocrystalline,Line 1,1007.2,72,0.25,3.2,Yes,327.5,15.18,899.0,Fail,Crack,EMP745,Fail
2025-04-14,Shift 1,SP235110,Thin-Film,Line 2,788.1,72,0.36,3.5,Yes,343.0,17.64,933.9,Pass,Pass,EMP745,Pass
2025-04-08,Shift 1,SP752763,Monocrystalline,Line 2,751.3,60,0.45,3.6,Yes,286.6,16.8,851.2,Pass,Pass,EMP745,Pass
2025-04-24,Shift 2,SP237474,Monocrystalline,Line 3,925.8,60,0.14,3.6,No,344.3,19.52,479.1,Fail,Crack,EMP745,Pass
2025-04-12,Shift 2,SP190669,Monocrystalline,Line 1,891.6,72,0.02,3.3,No,370.4,17.0,833.7,Fail,Misalignment,EMP745,Pass
2025-04-10,Shift 1,SP127539,Thin-Film,Line 3,933.6,60,0.12,3.3,Yes,287.9,18.69,491.2,Fail,Scratch,EMP745,Pass
2025-04-20,Shift 1,SP833659,Polycrystalline,Line 2,731.4,60,0.42,3.0,No,340.8,21.65,606.2,Fail,Crack,EMP745,Pass
2025-04-10,Shift 1,SP101926,Polycrystalline,Line 1,839.9,60,0.04,3.7,No,267.1,18.49,620.6,Pass,Scratch,EMP745,Pass
2025-04-11,Shift 2,SP825349,Monocrystalline,Line 2,640.7,60,0.08,3.2,Yes,312.0,15.36,745.4,Fail,Scratch,EMP745,Fail
2025-04-08,Shift 1,SP286000,Monocrystalline,Line 2,829.6,72,0.16,3.9,Yes,315.8,15.36,179.7,Pass,Scratch,EMP745,Fail
2025-04-05,Shift 1,SP309901,Thin-Film,Line 3,728.2,72,0.2,3.8,No,282.1,20.58,773.4,Fail,Pass,EMP857,Pass
2025-04-26,Shift 1,SP253968,Monocrystalline,Line 2,887.4,60,0.23,3.3,No,347.9,17.04,536.6,Fail,Pass,EMP857,Pass
2025-04-09,Shift 1,SP686737,Polycrystalline,Line 1,868.9,72,0.03,3.9,No,373.0,20.81,631.1,Fail,Scratch,EMP857,Pass
2025-04-19,Shift 2,SP488908,Polycrystalline,Line 1,1171.9,72,0.01,3.0,Yes,287.9,16.49,801.4,Fail,Pass,EMP857,Pass
2025-04-20,Shift 2,SP931664,Monocrystalline,Line 1,1044.9,72,0.27,3.5,Yes,333.3,15.51,423.7,Fail,Pass,EMP857,Fail
2025-04-02,Shift 2,SP515751,Thin-Film,Line 1,1181.2,72,0.06,3.1,Yes,340.2,20.71,194.5,Fail,Pass,EMP857,Fail
2025-04-19,Shift 1,SP755983,Monocrystalline,Line 3,815.5,72,0.35,3.0,No,263.3,19.56,239.1,Fail,Scratch,EMP857,Pass
2025-04-29,Shift 2,SP728040,Polycrystalline,Line 2,660.2,72,0.04,3.1,Yes,336.3,15.43,410.5,Pass,Misalignment,EMP857,Fail
2025-04-24,Shift 2,SP237474,Monocrystalline,Line 3,925.8,60,0.14,3.6,No,344.3,19.52,479.1,Fail,Crack,EMP857,Pass
2025-04-04,Shift 1,SP352954,Polycrystalline,Line 3,887.4,60,0.37,3.3,No,383.7,17.21,227.8,Pass,Crack,EMP857,Pass
2025-04-25,Shift 2,SP920961,Thin-Film,Line 3,892.7,72,0.13,4.0,No,333.0,21.28,963.5,Fail,Crack,EMP857,Pass
2025-04-27,Shift 2,SP224791,Monocrystalline,Line 3,1090.6,72,0.14,4.0,Yes,334.5,20.08,806.7,Pass,Crack,EMP857,Pass
2025-04-16,Shift 2,SP165730,Thin-Film,Line 1,897.0,72,0.29,4.0,No,354.9,20.27,128.0,Pass,Misalignment,EMP857,Fail
2025-04-01,Shift 2,SP239966,Thin-Film,Line 1,801.6,60,0.38,3.1,Yes,273.7,18.14,235.0,Fail,Misalignment,EMP857,Pass
2025-04-30,Shift 2,SP268511,Polycrystalline,Line 3,1152.6,72,0.25,3.2,Yes,300.0,18.82,636.9,Pass,Scratch,EMP857,Pass
2025-04-25,Shift 2,SP878044,Thin-Film,Line 1,729.9,60,0.08,3.6,No,367.6,18.59,732.7,Fail,Misalignment,EMP857,Pass
2025-04-02,Shift 1,SP310509,Thin-Film,Line 3,1143.2,60,0.11,3.5,No,337.5,19.92,739.5,Pass,Crack,EMP857,Pass
2025-04-05,Shift 1,SP212576,Polycrystalline,Line 1,656.4,72,0.09,4.0,Yes,261.9,20.66,720.8,Pass,Scratch,EMP857,Pass
2025-04-19,Shift 1,SP695161,Thin-Film,Line 3,686.9,72,0.25,3.5,Yes,277.3,20.74,151.5,Pass,Crack,EMP233,Fail
2025-04-27,Shift 1,SP864418,Polycrystalline,Line 1,1077.9,72,0.17,3.8,No,396.8,20.46,186.5,Fail,Misalignment,EMP233,Fail
2025-04-29,Shift 1,SP885836,Thin-Film,Line 3,944.1,72,0.22,3.5,No,377.7,18.22,736.3,Pass,Crack,EMP233,Pass
2025-04-19,Shift 2,SP488423,Monocrystalline,Line 3,1038.5,60,0.1,3.0,No,361.9,19.58,188.6,Pass,Crack,EMP233,Fail
2025-04-01,Shift 1,SP606932,Thin-Film,Line 1,1115.8,60,0.1,3.9,Yes,361.0,15.24,352.2,Pass,Crack,EMP233,Fail
2025-04-30,Shift 1,SP218962,Thin-Film,Line 3,785.2,72,0.03,3.9,Yes,324.8,20.88,581.4,Pass,Crack,EMP233,Pass
2025-04-04,Shift 1,SP352954,Polycrystalline,Line 3,887.4,60,0.37,3.3,No,383.7,17.21,227.8,Pass,Crack,EMP233,Pass
2025-04-30,Shift 2,SP624629,Polycrystalline,Line 3,1060.1,60,0.02,3.2,No,263.3,17.92,308.8,Pass,Pass,EMP233,Pass
2025-04-27,Shift 2,SP105595,Polycrystalline,Line 1,1127.6,60,0.41,3.2,No,335.7,16.0,865.6,Fail,Crack,EMP233,Pass
2025-04-06,Shift 2,SP827906,Polycrystalline,Line 3,715.8,60,0.43,3.8,No,363.3,19.22,981.1,Fail,Misalignment,EMP233,Pass
2025-04-03,Shift 1,SP503570,Polycrystalline,Line 1,1078.8,72,0.37,3.3,No,371.9,18.83,890.2,Pass,Crack,EMP233,Pass
2025-04-22,Shift 1,SP461787,Polycrystalline,Line 3,942.2,60,0.02,3.8,Yes,360.5,15.89,223.1,Pass,Misalignment,EMP233,Fail
2025-04-18,Shift 1,SP938236,Polycrystalline,Line 3,1166.5,60,0.17,3.3,No,330.9,21.59,224.2,Fail,Misalignment,EMP233,Pass
2025-04-08,Shift 2,SP895989,Monocrystalline,Line 3,682.0,72,0.36,3.1,No,319.7,20.53,743.0,Fail,Pass,EMP233,Pass
2025-04-15,Shift 2,SP331047,Polycrystalline,Line 3,1128.2,72,0.13,3.4,No,388.2,18.68,792.7,Pass,Crack,EMP233,Pass
2025-04-16,Shift 1,SP932594,Monocrystalline,Line 2,1163.9,72,0.12,3.7,Yes,315.2,21.89,797.8,Pass,Misalignment,EMP233,Pass
2025-04-10,Shift 2,SP800439,Thin-Film,Line 1,1036.8,60,0.26,3.5,Yes,354.4,16.45,911.1,Fail,Pass,EMP233,Pass
2025-04-08,Shift 2,SP895989,Monocrystalline,Line 3,682.0,72,0.36,3.1,No,319.7,20.53,743.0,Fail,Pass,EMP233,Pass
2025-04-18,Shift 1,SP938236,Polycrystalline,Line 3,1166.5,60,0.17,3.3,No,330.9,21.59,224.2,Fail,Misalignment,EMP434,Pass
2025-04-06,Shift 2,SP827906,Polycrystalline,Line 3,715.8,60,0.43,3.8,No,363.3,19.22,981.1,Fail,Misalignment,EMP434,Pass
2025-04-28,Shift 2,SP910834,Monocrystalline,Line 3,1181.5,60,0.4,4.0,Yes,328.5,19.37,912.3,Pass,Misalignment,EMP434,Pass
2025-04-26,Shift 2,SP412078,Monocrystalline,Line 1,966.6,72,0.5,3.6,No,365.3,18.56,854.2,Pass,Crack,EMP434,Pass
2025-04-16,Shift 1,SP548903,Thin-Film,Line 1,1049.0,60,0.0,3.7,No,394.5,18.72,432.4,Pass,Crack,EMP434,Pass
2025-04-10,Shift 1,SP885226,Polycrystalline,Line 3,750.0,72,0.13,3.0,Yes,305.6,19.06,905.0,Pass,Pass,EMP434,Pass
2025-04-08,Shift 1,SP752763,Monocrystalline,Line 2,751.3,60,0.45,3.6,Yes,286.6,16.8,851.2,Pass,Pass,EMP434,Pass
2025-04-14,Shift 1,SP998336,Polycrystalline,Line 2,1056.0,60,0.17,3.2,Yes,284.2,17.99,321.6,Pass,Pass,EMP434,Pass
2025-04-28,Shift 2,SP910834,Monocrystalline,Line 3,1181.5,60,0.4,4.0,Yes,328.5,19.37,912.3,Pass,Misalignment,EMP434,Pass
2025-04-03,Shift 1,SP848822,Monocrystalline,Line 2,1197.7,60,0.39,3.8,No,397.3,15.41,224.1,Fail,Pass,EMP434,Fail
2025-04-04,Shift 1,SP584864,Thin-Film,Line 1,921.4,72,0.11,3.9,Yes,299.4,16.13,335.3,Pass,Pass,EMP434,Pass
2025-04-24,Shift 2,SP237474,Monocrystalline,Line 3,925.8,60,0.14,3.6,No,344.3,19.52,479.1,Fail,Crack,EMP762,Pass
2025-04-19,Shift 2,SP303535,Monocrystalline,Line 1,1007.6,60,0.18,3.2,No,322.3,21.75,366.0,Pass,Scratch,EMP762,Pass
2025-04-04,Shift 2,SP631654,Polycrystalline,Line 1,781.0,72,0.11,3.4,Yes,380.8,18.93,601.1,Pass,Scratch,EMP762,Pass
2025-04-15,Shift 2,SP823365,Monocrystalline,Line 3,868.4,72,0.27,3.4,Yes,387.1,20.98,334.0,Pass,Pass,EMP762,Pass
2025-04-21,Shift 2,SP439675,Monocrystalline,Line 2,970.8,60,0.28,3.4,Yes,312.4,17.84,370.6,Pass,Crack,EMP762,Pass
2025-04-18,Shift 2,SP827003,Polycrystalline,Line 3,802.1,72,0.37,3.5,No,374.0,16.03,263.0,Pass,Misalignment,EMP762,Pass
2025-04-09,Shift 2,SP774402,Thin-Film,Line 1,865.9,72,0.42,3.8,Yes,305.3,21.7,950.1,Pass,Scratch,EMP762,Pass
2025-04-15,Shift 1,SP169603,Monocrystalline,Line 2,779.9,60,0.15,3.8,Yes,257.1,21.87,316.5,Pass,Crack,EMP762,Pass
2025-04-03,Shift 2,SP955179,Thin-Film,Line 2,1006.2,72,0.31,3.5,Yes,372.5,16.14,557.4,Fail,Crack,EMP762,Pass
2025-04-03,Shift 1,SP583475,Polycrystalline,Line 3,1069.6,72,0.36,3.1,Yes,307.9,20.68,529.4,Pass,Pass,EMP762,Pass
2025-04-03,Shift 1,SP583475,Polycrystalline,Line 3,1069.6,72,0.36,3.1,Yes,307.9,20.68,529.4,Pass,Pass,EMP762,Pass
2025-04-27,Shift 1,SP864418,Polycrystalline,Line 1,1077.9,72,0.17,3.8,No,396.8,20.46,186.5,Fail,Misalignment,EMP762,Fail
2025-04-15,Shift 2,SP823365,Monocrystalline,Line 3,868.4,72,0.27,3.4,Yes,387.1,20.98,334.0,Pass,Pass,EMP762,Pass
2025-04-08,Shift 2,SP895989,Monocrystalline,Line 3,682.0,72,0.36,3.1,No,319.7,20.53,743.0,Fail,Pass,EMP762,Pass
2025-04-06,Shift 1,SP766911,Polycrystalline,Line 3,711.3,72,0.27,3.7,Yes,266.4,17.72,646.0,Fail,Crack,EMP762,Pass
2025-04-05,Shift 2,SP217769,Monocrystalline,Line 1,978.5,60,0.39,4.0,Yes,329.4,21.33,574.2,Fail,Misalignment,EMP762,Pass
2025-04-14,Shift 2,SP953157,Thin-Film,Line 3,904.3,72,0.04,3.3,No,339.4,21.3,860.8,Fail,Crack,EMP762,Pass
2025-04-17,Shift 1,SP890542,Thin-Film,Line 3,757.3,60,0.31,3.5,No,254.2,20.18,627.2,Pass,Scratch,EMP762,Pass
2025-04-16,Shift 2,SP846175,Thin-Film,Line 1,1170.7,72,0.43,3.5,No,318.2,15.57,484.4,Fail,Misalignment,EMP762,Fail
2025-04-29,Shift 1,SP187040,Thin-Film,Line 3,735.7,60,0.36,4.0,Yes,359.8,17.23,517.6,Pass,Pass,EMP762,Pass
2025-04-08,Shift 1,SP752763,Monocrystalline,Line 2,751.3,60,0.45,3.6,Yes,286.6,16.8,851.2,Pass,Pass,EMP727,Pass
2025-04-17,Shift 1,SP200098,Polycrystalline,Line 3,870.2,60,0.41,3.6,Yes,388.7,17.47,587.3,Fail,Crack,EMP727,Pass
2025-04-26,Shift 1,SP253968,Monocrystalline,Line 2,887.4,60,0.23,3.3,No,347.9,17.04,536.6,Fail,Pass,EMP727,Pass
2025-04-13,Shift 2,SP632184,Thin-Film,Line 1,702.5,72,0.01,3.3,Yes,373.1,17.71,819.1,Pass,Misalignment,EMP727,Pass
2025-04-09,Shift 2,SP316160,Monocrystalline,Line 1,1028.9,72,0.11,4.0,No,271.3,21.32,313.0,Pass,Crack,EMP727,Pass
2025-04-09,Shift 2,SP316160,Monocrystalline,Line 1,1028.9,72,0.11,4.0,No,271.3,21.32,313.0,Pass,Crack,EMP727,Pass
2025-04-03,Shift 1,SP848822,Monocrystalline,Line 2,1197.7,60,0.39,3.8,No,397.3,15.41,224.1,Fail,Pass,EMP727,Fail
2025-04-11,Shift 1,SP205393,Monocrystalline,Line 3,1147.5,72,0.4,3.3,Yes,362.4,16.42,438.7,Fail,Scratch,EMP727,Pass
2025-04-01,Shift 1,SP512458,Thin-Film,Line 3,965.9,60,0.2,3.2,Yes,380.2,17.69,663.8,Fail,Pass,EMP727,Pass
2025-04-20,Shift 1,SP833659,Polycrystalline,Line 2,731.4,60,0.42,3.0,No,340.8,21.65,606.2,Fail,Crack,EMP727,Pass
2025-04-28,Shift 2,SP368199,Monocrystalline,Line 3,810.7,60,0.23,4.0,Yes,275.3,21.3,882.5,Fail,Crack,EMP727,Pass
2025-04-28,Shift 1,SP170397,Polycrystalline,Line 3,1035.7,72,0.26,3.1,Yes,347.3,20.96,975.3,Fail,Misalignment,EMP727,Pass
2025-04-27,Shift 2,SP979542,Thin-Film,Line 1,977.3,60,0.01,3.9,No,367.4,19.33,319.8,Pass,Scratch,EMP727,Pass
2025-04-27,Shift 2,SP105595,Polycrystalline,Line 1,1127.6,60,0.41,3.2,No,335.7,16.0,865.6,Fail,Crack,EMP727,Pass
2025-04-24,Shift 2,SP355476,Monocrystalline,Line 2,1082.6,60,0.21,3.8,No,395.6,21.45,864.7,Pass,Scratch,EMP727,Pass
2025-04-02,Shift 1,SP310509,Thin-Film,Line 3,1143.2,60,0.11,3.5,No,337.5,19.92,739.5,Pass,Crack,EMP727,Pass
2025-04-04,Shift 2,SP165268,Thin-Film,Line 1,1073.0,72,0.21,3.9,No,364.8,17.35,617.2,Fail,Pass,EMP727,Pass
2025-04-06,Shift 1,SP689299,Thin-Film,Line 3,781.9,60,0.07,3.1,Yes,331.7,18.87,723.9,Pass,Pass,EMP372,Pass
2025-04-06,Shift 2,SP827906,Polycrystalline,Line 3,715.8,60,0.43,3.8,No,363.3,19.22,981.1,Fail,Misalignment,EMP372,Pass
2025-04-15,Shift 2,SP331047,Polycrystalline,Line 3,1128.2,72,0.13,3.4,No,388.2,18.68,792.7,Pass,Crack,EMP372,Pass
2025-04-08,Shift 2,SP327756,Polycrystalline,Line 3,697.7,60,0.27,3.5,No,331.4,21.27,297.6,Pass,Pass,EMP372,Pass
2025-04-22,Shift 2,SP987597,Monocrystalline,Line 2,1069.1,72,0.29,3.7,Yes,295.8,17.78,540.8,Fail,Crack,EMP372,Pass
2025-04-03,Shift 2,SP786071,Monocrystalline,Line 2,1120.3,60,0.29,3.8,Yes,379.7,21.27,148.4,Pass,Crack,EMP372,Fail
2025-04-15,Shift 1,SP169603,Monocrystalline,Line 2,779.9,60,0.15,3.8,Yes,257.1,21.87,316.5,Pass,Crack,EMP372,Pass
2025-04-25,Shift 2,SP878044,Thin-Film,Line 1,729.9,60,0.08,3.6,No,367.6,18.59,732.7,Fail,Misalignment,EMP372,Pass
2025-04-12,Shift 1,SP813171,Thin-Film,Line 3,1064.7,60,0.26,3.1,Yes,371.1,17.38,730.9,Fail,Crack,EMP372,Pass
2025-04-17,Shift 2,SP945553,Polycrystalline,Line 1,1160.5,60,0.33,3.3,Yes,267.7,19.02,545.5,Fail,Pass,EMP372,Pass
2025-04-02,Shift 1,SP128708,Polycrystalline,Line 3,884.1,72,0.24,3.9,No,340.1,19.09,727.2,Pass,Crack,EMP372,Pass
2025-04-27,Shift 1,SP393492,Thin-Film,Line 1,1092.8,60,0.16,3.6,Yes,317.2,18.64,365.4,Fail,Scratch,EMP372,Pass
2025-04-04,Shift 1,SP584864,Thin-Film,Line 1,921.4,72,0.11,3.9,Yes,299.4,16.13,335.3,Pass,Pass,EMP372,Pass
2025-04-13,Shift 2,SP938548,Polycrystalline,Line 3,852.0,60,0.05,3.7,No,320.2,20.68,858.3,Fail,Pass,EMP229,Pass
2025-04-15,Shift 1,SP265587,Monocrystalline,Line 1,731.7,72,0.21,3.3,Yes,260.7,16.09,864.3,Pass,Pass,EMP229,Pass
2025-04-14,Shift 1,SP998336,Polycrystalline,Line 2,1056.0,60,0.17,3.2,Yes,284.2,17.99,321.6,Pass,Pass,EMP229,Pass
2025-04-13,Shift 2,SP778908,Monocrystalline,Line 1,915.6,60,0.02,4.0,Yes,318.1,18.15,481.5,Pass,Scratch,EMP229,Pass
2025-04-06,Shift 1,SP766911,Polycrystalline,Line 3,711.3,72,0.27,3.7,Yes,266.4,17.72,646.0,Fail,Crack,EMP229,Pass
2025-04-07,Shift 1,SP247961,Thin-Film,Line 3,1161.1,60,0.06,3.3,No,322.3,21.32,502.3,Pass,Pass,EMP229,Pass
2025-04-11,Shift 1,SP919930,Thin-Film,Line 1,704.6,60,0.18,3.1,No,379.9,17.74,811.5,Fail,Pass,EMP229,Pass
2025-04-28,Shift 1,SP847417,Thin-Film,Line 2,949.1,72,0.3,3.3,Yes,331.7,20.88,203.9,Fail,Pass,EMP229,Pass
2025-04-06,Shift 1,SP516446,Polycrystalline,Line 2,1028.4,72,0.45,3.7,Yes,317.7,21.29,325.9,Pass,Misalignment,EMP229,Pass
2025-04-01,Shift 1,SP606932,Thin-Film,Line 1,1115.8,60,0.1,3.9,Yes,361.0,15.24,352.2,Pass,Crack,EMP229,Fail
2025-04-27,Shift 1,SP771516,Polycrystalline,Line 3,995.1,60,0.37,4.0,No,304.0,15.03,717.1,Pass,Scratch,EMP229,Fail
2025-04-05,Shift 2,SP755634,Thin-Film,Line 2,909.3,72,0.13,3.8,No,272.5,17.86,212.2,Fail,Misalignment,EMP229,Pass
2025-04-06,Shift 1,SP516446,Polycrystalline,Line 2,1028.4,72,0.45,3.7,Yes,317.7,21.29,325.9,Pass,Misalignment,EMP229,Pass
2025-04-29,Shift 2,SP728040,Polycrystalline,Line 2,660.2,72,0.04,3.1,Yes,336.3,15.43,410.5,Pass,Misalignment,EMP229,Fail
2025-04-21,Shift 2,SP497173,Thin-Film,Line 3,1132.5,72,0.01,3.7,No,287.9,17.83,545.1,Pass,Crack,EMP229,Pass
2025-04-30,Shift 2,SP268511,Polycrystalline,Line 3,1152.6,72,0.25,3.2,Yes,300.0,18.82,636.9,Pass,Scratch,EMP229,Pass
2025-04-16,Shift 2,SP566205,Polycrystalline,Line 3,1127.3,72,0.46,4.0,No,326.6,20.31,941.8,Pass,Misalignment,EMP229,Pass
2025-04-19,Shift 2,SP488423,Monocrystalline,Line 3,1038.5,60,0.1,3.0,No,361.9,19.58,188.6,Pass,Crack,EMP229,Fail
2025-04-02,Shift 2,SP712460,Monocrystalline,Line 1,934.5,60,0.34,3.6,No,340.2,20.38,121.5,Fail,Misalignment,EMP229,Fail
2025-04-21,Shift 1,SP189665,Monocrystalline,Line 1,1140.9,72,0.34,4.0,No,314.8,16.6,825.9,Fail,Crack,EMP229,Pass
2025-04-22,Shift 2,SP987597,Monocrystalline,Line 2,1069.1,72,0.29,3.7,Yes,295.8,17.78,540.8,Fail,Crack,EMP329,Pass
2025-04-01,Shift 2,SP239966,Thin-Film,Line 1,801.6,60,0.38,3.1,Yes,273.7,18.14,235.0,Fail,Misalignment,EMP329,Pass
2025-04-02,Shift 1,SP310509,Thin-Film,Line 3,1143.2,60,0.11,3.5,No,337.5,19.92,739.5,Pass,Crack,EMP329,Pass
2025-04-23,Shift 2,SP985612,Thin-Film,Line 3,998.9,72,0.17,3.5,No,341.2,15.42,276.8,Pass,Crack,EMP329,Fail
2025-04-03,Shift 2,SP900320,Polycrystalline,Line 1,931.9,72,0.48,3.0,Yes,280.3,19.54,196.4,Pass,Scratch,EMP329,Fail
2025-04-04,Shift 1,SP352954,Polycrystalline,Line 3,887.4,60,0.37,3.3,No,383.7,17.21,227.8,Pass,Crack,EMP329,Pass
2025-04-24,Shift 2,SP355476,Monocrystalline,Line 2,1082.6,60,0.21,3.8,No,395.6,21.45,864.7,Pass,Scratch,EMP329,Pass
2025-04-03,Shift 1,SP848822,Monocrystalline,Line 2,1197.7,60,0.39,3.8,No,397.3,15.41,224.1,Fail,Pass,EMP329,Fail
2025-04-22,Shift 1,SP560884,Monocrystalline,Line 2,1188.9,72,0.22,3.2,Yes,375.1,19.49,434.6,Pass,Crack,EMP329,Pass
2025-04-20,Shift 1,SP420365,Thin-Film,Line 1,609.9,60,0.07,3.1,Yes,382.7,19.49,407.7,Pass,Misalignment,EMP329,Pass
2025-04-11,Shift 2,SP825349,Monocrystalline,Line 2,640.7,60,0.08,3.2,Yes,312.0,15.36,745.4,Fail,Scratch,EMP329,Fail
2025-04-29,Shift 1,SP794820,Monocrystalline,Line 3,897.0,60,0.08,3.7,Yes,368.3,15.03,853.1,Pass,Misalignment,EMP329,Fail
2025-04-14,Shift 1,SP738698,Monocrystalline,Line 1,1000.9,72,0.36,3.3,Yes,382.1,20.55,826.8,Pass,Crack,EMP329,Pass
2025-04-11,Shift 1,SP205393,Monocrystalline,Line 3,1147.5,72,0.4,3.3,Yes,362.4,16.42,438.7,Fail,Scratch,EMP329,Pass
2025-04-25,Shift 1,SP688964,Monocrystalline,Line 2,749.9,72,0.48,3.5,Yes,273.7,15.11,882.7,Fail,Crack,EMP329,Fail
2025-04-05,Shift 1,SP553807,Monocrystalline,Line 1,743.5,60,0.3,4.0,No,376.1,18.33,228.6,Fail,Misalignment,EMP495,Pass
2025-04-07,Shift 2,SP441277,Monocrystalline,Line 3,984.3,60,0.14,3.4,Yes,374.0,17.91,485.7,Fail,Pass,EMP495,Pass
2025-04-26,Shift 2,SP507670,Monocrystalline,Line 3,620.8,60,0.29,3.7,No,376.2,19.43,406.4,Fail,Scratch,EMP495,Pass
2025-04-10,Shift 1,SP127539,Thin-Film,Line 3,933.6,60,0.12,3.3,Yes,287.9,18.69,491.2,Fail,Scratch,EMP495,Pass
2025-04-24,Shift 2,SP764494,Thin-Film,Line 2,601.9,60,0.41,3.9,No,365.5,16.87,770.0,Pass,Pass,EMP495,Pass
2025-04-18,Shift 2,SP827003,Polycrystalline,Line 3,802.1,72,0.37,3.5,No,374.0,16.03,263.0,Pass,Misalignment,EMP495,Pass
2025-04-04,Shift 2,SP165268,Thin-Film,Line 1,1073.0,72,0.21,3.9,No,364.8,17.35,617.2,Fail,Pass,EMP495,Pass
2025-04-13,Shift 1,SP646830,Monocrystalline,Line 1,1120.7,72,0.43,3.5,No,297.4,20.96,596.4,Pass,Crack,EMP495,Pass
2025-04-15,Shift 2,SP823365,Monocrystalline,Line 3,868.4,72,0.27,3.4,Yes,387.1,20.98,334.0,Pass,Pass,EMP495,Pass
2025-04-28,Shift 1,SP379738,Polycrystalline,Line 1,706.2,60,0.49,3.4,Yes,395.4,18.56,484.1,Fail,Pass,EMP495,Pass
2025-04-15,Shift 1,SP265587,Monocrystalline,Line 1,731.7,72,0.21,3.3,Yes,260.7,16.09,864.3,Pass,Pass,EMP495,Pass
2025-04-28,Shift 1,SP847417,Thin-Film,Line 2,949.1,72,0.3,3.3,Yes,331.7,20.88,203.9,Fail,Pass,EMP495,Pass
2025-04-11,Shift 2,SP644839,Polycrystalline,Line 2,848.7,72,0.44,3.3,Yes,252.9,17.3,422.1,Pass,Scratch,EMP495,Pass
2025-04-08,Shift 1,SP286000,Monocrystalline,Line 2,829.6,72,0.16,3.9,Yes,315.8,15.36,179.7,Pass,Scratch,EMP495,Fail
2025-04-23,Shift 1,SP344243,Monocrystalline,Line 3,749.4,72,0.17,3.0,No,298.2,17.03,177.6,Pass,Crack,EMP495,Fail
